id,name,address,email,phone
1,Samira Byrd,3561  Valley Drive,r93g834pqb9@temporary-mail.net,267-354-2759
2,Cillian Flowers,4288  Daylene Drive,lbuxuu7ngg@temporary-mail.net,734-550-9095
3,Kadie Alvarado,848  North Street,udn9iow7oac@temporary-mail.net,435-238-1015
4,Ocean Smyth,2913  Watson Lane,wtyftwrdzsp@temporary-mail.net,828-964-2453
5,Aman Campbell,2611  Rivendell Drive,rxryswt9wpp@temporary-mail.net,330-867-5650
6,Davina Correa,1630  Mercer Street,g7q94dkgi14@temporary-mail.net,715-578-4582
7,Erika Moreno,394  Bassell Avenue,z5hxzd7byxf@temporary-mail.net,501-627-2368
8,Winifred Keith,706  Jessie Street,fi53wdd9h1@temporary-mail.net,740-666-6145
9,Chay Lovell,107  Zimmerman Lane,w1iydqnfjo8@temporary-mail.net,213-479-3897
10,Atif Holder,3089  Libby Street,3iw8othw9n8@temporary-mail.net,310-248-3779
